{
    "header": {
        "total_data": 811,
        "process_time": 0.004709886,
        "additional_params": ""
    },
    "data": {
        "redirection": {
            "redirect_url": "",
            "department_id": 0
        },
        "suggestions": {
            "suggestion": "",
            "total_data": 0
        },
        "suggestions_instead": {
            "suggestion_instead": "",
            "current_keyword": "",
            "total_data": 0
        },
        "catalogs": [],
        "products": [
            {
                "id": 33728268,
                "name": "Sepatu KEts Wanita Bukan Addidas Merah Hitam dan Biru Merah Supplier",
                "url": "https://www.tokopedia.com/arlv/sepatu-kets-wanita-bukan-addidas-merah-hitam-dan-biru-merah-supplier?trkid=f%3DCa0000L000P0W0S0Sh00Co0Po0Fr0Cb0_src%3Dsearch_page%3D3_ob%3D23_q%3Daddidas_catid%3D1908_po%3D1",
                "image_url": "https://ecs7.tokopedia.net/img/cache/200-square/product-1/2016/2/22/846365/846365_658358dc-76cf-41c2-b947-8a72fdf53510.jpg",
                "image_url_700": "https://ecs7.tokopedia.net/img/cache/700/product-1/2016/2/22/846365/846365_658358dc-76cf-41c2-b947-8a72fdf53510.jpg",
                "price": "Rp 90.000",
                "shop": {
                    "id": 160379,
                    "name": "arv cloth",
                    "url": "https://www.tokopedia.com/arlv",
                    "is_gold": false,
                    "location": "Kota Bandung",
                    "city": "Kota Bandung",
                    "reputation": "https://inbox.tokopedia.com/reputation/v1/badge/shop/160379",
                    "clover": "https://clover.tokopedia.com/badges/merchant/v1?shop_id=160379"
                },
                "wholesale_price": [],
                "condition": 1,
                "department_id": 1908,
                "labels": [],
                "badges": [],
                "rating": 3,
                "count_review": 2,
                "original_price": "Rp 0"
            },
            {
                "id": 25095454,
                "name": "TAS RANSEL ADDIDAS - FREE POMPOM - SEMI PREMIUM",
                "url": "https://www.tokopedia.com/fashionvictory2/tas-ransel-addidas-free-pompom-semi-premium?trkid=f%3DCa0000L000P0W0S0Sh00Co0Po0Fr0Cb0_src%3Dsearch_page%3D3_ob%3D23_q%3Daddidas_catid%3D1852_po%3D2",
                "image_url": "https://ecs7.tokopedia.net/img/cache/200-square/product-1/2015/11/28/496883/496883_7897961c-9ff8-4c3f-af9c-1256eb24123f.jpg",
                "image_url_700": "https://ecs7.tokopedia.net/img/cache/700/product-1/2015/11/28/496883/496883_7897961c-9ff8-4c3f-af9c-1256eb24123f.jpg",
                "price": "Rp 215.000",
                "shop": {
                    "id": 496883,
                    "name": "Fashionvictory",
                    "url": "https://www.tokopedia.com/fashionvictory2",
                    "is_gold": false,
                    "location": "Jakarta",
                    "city": "Jakarta",
                    "reputation": "https://inbox.tokopedia.com/reputation/v1/badge/shop/496883",
                    "clover": "https://clover.tokopedia.com/badges/merchant/v1?shop_id=496883"
                },
                "wholesale_price": [],
                "condition": 1,
                "department_id": 1852,
                "labels": [],
                "badges": [],
                "rating": 0,
                "count_review": 0,
                "original_price": "Rp 0"
            },
            {
                "id": 20831852,
                "name": "kaos cp couple adidas addidas",
                "url": "https://www.tokopedia.com/faithfully/kaos-cp-couple-adidas-addidas?trkid=f%3DCa0000L000P0W0S0Sh00Co0Po0Fr0Cb0_src%3Dsearch_page%3D3_ob%3D23_q%3Daddidas_catid%3D1966_po%3D3",
                "image_url": "https://ecs7.tokopedia.net/img/cache/200-square/product-1/2015/10/7/333655/333655_c9812643-82a6-4901-a9da-841cfb7812b1.jpg",
                "image_url_700": "https://ecs7.tokopedia.net/img/cache/700/product-1/2015/10/7/333655/333655_c9812643-82a6-4901-a9da-841cfb7812b1.jpg",
                "price": "Rp 65.000",
                "shop": {
                    "id": 333655,
                    "name": "cha cha fashion",
                    "url": "https://www.tokopedia.com/faithfully",
                    "is_gold": false,
                    "location": "Jakarta",
                    "city": "Jakarta",
                    "reputation": "https://inbox.tokopedia.com/reputation/v1/badge/shop/333655",
                    "clover": "https://clover.tokopedia.com/badges/merchant/v1?shop_id=333655"
                },
                "wholesale_price": [],
                "condition": 1,
                "department_id": 1966,
                "labels": [],
                "badges": [],
                "rating": 3,
                "count_review": 1,
                "original_price": "Rp 0"
            },
            {
                "id": 17245687,
                "name": "Sepatu Kets Running Casual Adidas / Addidas Italy Pink Stabilo Vietnam",
                "url": "https://www.tokopedia.com/smileshopos/sepatu-kets-running-casual-adidas-addidas-italy-pink-stabilo-vietnam?trkid=f%3DCa0000L000P0W0S0Sh00Co0Po0Fr0Cb0_src%3Dsearch_page%3D3_ob%3D23_q%3Daddidas_catid%3D1845_po%3D4",
                "image_url": "https://ecs7.tokopedia.net/img/cache/200-square/product-1/2015/8/18/125014/125014_bc2087ce-392e-4aa5-b1b3-1b957b704f3d.jpg",
                "image_url_700": "https://ecs7.tokopedia.net/img/cache/700/product-1/2015/8/18/125014/125014_bc2087ce-392e-4aa5-b1b3-1b957b704f3d.jpg",
                "price": "Rp 170.000",
                "shop": {
                    "id": 125014,
                    "name": "Smile Shop OS",
                    "url": "https://www.tokopedia.com/smileshopos",
                    "is_gold": false,
                    "location": "Jakarta",
                    "city": "Jakarta",
                    "reputation": "https://inbox.tokopedia.com/reputation/v1/badge/shop/125014",
                    "clover": "https://clover.tokopedia.com/badges/merchant/v1?shop_id=125014"
                },
                "wholesale_price": [],
                "condition": 1,
                "department_id": 1845,
                "labels": [],
                "badges": [],
                "rating": 0,
                "count_review": 0,
                "original_price": "Rp 0"
            },
            {
                "id": 17864215,
                "name": "Hardcase Mega 5.8 Addidas",
                "url": "https://www.tokopedia.com/koalacustomize/hardcase-mega-58-addidas?trkid=f%3DCa0000L000P0W0S0Sh00Co0Po0Fr0Cb0_src%3Dsearch_page%3D3_ob%3D23_q%3Daddidas_catid%3D69_po%3D5",
                "image_url": "https://ecs7.tokopedia.net/img/cache/200-square/product-1/2015/8/27/460457/460457_80b38c1a-4cab-11e5-b907-ff4e87772fba.jpg",
                "image_url_700": "https://ecs7.tokopedia.net/img/cache/700/product-1/2015/8/27/460457/460457_80b38c1a-4cab-11e5-b907-ff4e87772fba.jpg",
                "price": "Rp 60.000",
                "shop": {
                    "id": 460457,
                    "name": "Koala Customize",
                    "url": "https://www.tokopedia.com/koalacustomize",
                    "is_gold": false,
                    "location": "Jakarta",
                    "city": "Jakarta",
                    "reputation": "https://inbox.tokopedia.com/reputation/v1/badge/shop/460457",
                    "clover": "https://clover.tokopedia.com/badges/merchant/v1?shop_id=460457"
                },
                "wholesale_price": [],
                "condition": 1,
                "department_id": 69,
                "labels": [],
                "badges": [],
                "rating": 5,
                "count_review": 1,
                "original_price": "Rp 0"
            },
            {
                "id": 15355843,
                "name": "JAM LED WATCH DIGITAL NIKE ADDIDAS PUMA BERKUALITAS MURAH READY STOCK",
                "url": "https://www.tokopedia.com/elltopshop/jam-led-watch-digital-nike-addidas-puma-berkualitas-murah-ready-stock?trkid=f%3DCa0000L000P0W0S0Sh00Co0Po0Fr0Cb0_src%3Dsearch_page%3D3_ob%3D23_q%3Daddidas_catid%3D1872_po%3D6",
                "image_url": "https://ecs7.tokopedia.net/img/cache/200-square/product-1/2015/7/7/165982/165982_b49d30b2-246f-11e5-9ca2-fd5687772fba.jpg",
                "image_url_700": "https://ecs7.tokopedia.net/img/cache/700/product-1/2015/7/7/165982/165982_b49d30b2-246f-11e5-9ca2-fd5687772fba.jpg",
                "price": "Rp 39.900",
                "shop": {
                    "id": 165982,
                    "name": "elltopshop",
                    "url": "https://www.tokopedia.com/elltopshop",
                    "is_gold": false,
                    "location": "Jakarta",
                    "city": "Jakarta",
                    "reputation": "https://inbox.tokopedia.com/reputation/v1/badge/shop/165982",
                    "clover": "https://clover.tokopedia.com/badges/merchant/v1?shop_id=165982"
                },
                "wholesale_price": [],
                "condition": 1,
                "department_id": 1872,
                "labels": [],
                "badges": [],
                "rating": 3,
                "count_review": 1,
                "original_price": "Rp 0"
            },
            {
                "id": 13336288,
                "name": "Jaket Couple | Sweater Pasangan | Addidas Combi",
                "url": "https://www.tokopedia.com/versen/jaket-couple-sweater-pasangan-addidas-combi?trkid=f%3DCa0000L000P0W0S0Sh00Co0Po0Fr0Cb0_src%3Dsearch_page%3D3_ob%3D23_q%3Daddidas_catid%3D1966_po%3D7",
                "image_url": "https://ecs7.tokopedia.net/img/cache/200-square/product-1/2015/5/30/147542/147542_81d8be3d-d77a-46b7-8ed9-1d670938ad65.jpg",
                "image_url_700": "https://ecs7.tokopedia.net/img/cache/700/product-1/2015/5/30/147542/147542_81d8be3d-d77a-46b7-8ed9-1d670938ad65.jpg",
                "price": "Rp 135.000",
                "shop": {
                    "id": 147542,
                    "name": "Versen Fashion House",
                    "url": "https://www.tokopedia.com/versen",
                    "is_gold": false,
                    "location": "Kota Yogyakarta",
                    "city": "Kota Yogyakarta",
                    "reputation": "https://inbox.tokopedia.com/reputation/v1/badge/shop/147542",
                    "clover": "https://clover.tokopedia.com/badges/merchant/v1?shop_id=147542"
                },
                "wholesale_price": [],
                "condition": 1,
                "department_id": 1966,
                "labels": [],
                "badges": [],
                "rating": 0,
                "count_review": 0,
                "original_price": "Rp 0"
            },
            {
                "id": 32368967,
                "name": "addidas pants",
                "url": "https://www.tokopedia.com/meyvanzshop/addidas-pants?trkid=f%3DCa0000L000P0W0S0Sh00Co0Po0Fr0Cb0_src%3Dsearch_page%3D3_ob%3D23_q%3Daddidas_catid%3D1776_po%3D8",
                "image_url": "https://ecs7.tokopedia.net/img/cache/200-square/product-1/2016/2/11/860566/860566_ed99450e-1354-4215-a7b1-05a8946764af.jpg",
                "image_url_700": "https://ecs7.tokopedia.net/img/cache/700/product-1/2016/2/11/860566/860566_ed99450e-1354-4215-a7b1-05a8946764af.jpg",
                "price": "Rp 35.000",
                "shop": {
                    "id": 860566,
                    "name": "V\u0026amp;M oLshop",
                    "url": "https://www.tokopedia.com/meyvanzshop",
                    "is_gold": false,
                    "location": "Kota Tangerang",
                    "city": "Kota Tangerang",
                    "reputation": "https://inbox.tokopedia.com/reputation/v1/badge/shop/860566",
                    "clover": "https://clover.tokopedia.com/badges/merchant/v1?shop_id=860566"
                },
                "wholesale_price": [],
                "condition": 1,
                "department_id": 1776,
                "labels": [],
                "badges": [],
                "rating": 0,
                "count_review": 0,
                "original_price": "Rp 0"
            },
            {
                "id": 32903796,
                "name": "jaket addidas pink",
                "url": "https://www.tokopedia.com/ppshopgirl/jaket-addidas-pink?trkid=f%3DCa0000L000P0W0S0Sh00Co0Po0Fr0Cb0_src%3Dsearch_page%3D3_ob%3D23_q%3Daddidas_catid%3D1814_po%3D9",
                "image_url": "https://ecs7.tokopedia.net/img/cache/200-square/product-1/2016/2/16/1643709/1643709_deba6469-6477-4843-ad0e-a77059b88566.jpg",
                "image_url_700": "https://ecs7.tokopedia.net/img/cache/700/product-1/2016/2/16/1643709/1643709_deba6469-6477-4843-ad0e-a77059b88566.jpg",
                "price": "Rp 69.000",
                "shop": {
                    "id": 242165,
                    "name": "ppshopgirl",
                    "url": "https://www.tokopedia.com/ppshopgirl",
                    "is_gold": false,
                    "location": "Jakarta",
                    "city": "Jakarta",
                    "reputation": "https://inbox.tokopedia.com/reputation/v1/badge/shop/242165",
                    "clover": "https://clover.tokopedia.com/badges/merchant/v1?shop_id=242165"
                },
                "wholesale_price": [],
                "condition": 1,
                "department_id": 1814,
                "labels": [],
                "badges": [],
                "rating": 0,
                "count_review": 0,
                "original_price": "Rp 0"
            },
            {
                "id": 3103066,
                "name": "Baju Jaket Couple, PED-addidas",
                "url": "https://www.tokopedia.com/pasargrosir/baju-jaket-couple-ped-addidas?trkid=f%3DCa0000L000P0W0S0Sh00Co0Po0Fr0Cb0_src%3Dsearch_page%3D3_ob%3D23_q%3Daddidas_catid%3D1966_po%3D10",
                "image_url": "https://ecs7.tokopedia.net/img/cache/200-square/product-1/2014/1/20/3103066/3103066_4a2da244-81c2-11e3-bd2a-91b52523fab8.jpg",
                "image_url_700": "https://ecs7.tokopedia.net/img/cache/700/product-1/2014/1/20/3103066/3103066_4a2da244-81c2-11e3-bd2a-91b52523fab8.jpg",
                "price": "Rp 120.000",
                "shop": {
                    "id": 105604,
                    "name": "Pusatnya Baju Couple",
                    "url": "https://www.tokopedia.com/pasargrosir",
                    "is_gold": true,
                    "location": "Kota Yogyakarta",
                    "city": "Kota Yogyakarta",
                    "reputation": "https://inbox.tokopedia.com/reputation/v1/badge/shop/105604",
                    "clover": "https://clover.tokopedia.com/badges/merchant/v1?shop_id=105604"
                },
                "wholesale_price": [],
                "condition": 1,
                "department_id": 1966,
                "labels": [],
                "badges": [
                    {
                        "title": "Gold Merchant",
                        "image_url": "https://ecs7.tokopedia.net/img/gold-active-large.png"
                    }
                ],
                "rating": 0,
                "count_review": 0,
                "original_price": "Rp 0"
            },
            {
                "id": 79644020,
                "name": "sepatu wanita Replika Addidas Putih MG 03 / sandal wanita",
                "url": "https://www.tokopedia.com/nitawedges/sepatu-wanita-replika-addidas-putih-mg-03-sandal-wanita?trkid=f%3DCa0000L000P0W0S0Sh00Co0Po0Fr0Cb0_src%3Dsearch_page%3D3_ob%3D23_q%3Daddidas_catid%3D1913_po%3D11",
                "image_url": "https://ecs7.tokopedia.net/img/cache/200-square/product-1/2016/10/22/12610981/12610981_5b3aaaa6-cc88-4e0b-afbb-b072a8ae8d62.png",
                "image_url_700": "https://ecs7.tokopedia.net/img/cache/700/product-1/2016/10/22/12610981/12610981_5b3aaaa6-cc88-4e0b-afbb-b072a8ae8d62.png",
                "price": "Rp 60.999",
                "shop": {
                    "id": 1489939,
                    "name": "Nita wedges",
                    "url": "https://www.tokopedia.com/nitawedges",
                    "is_gold": false,
                    "location": "Kota Bogor",
                    "city": "Kota Bogor",
                    "reputation": "https://inbox.tokopedia.com/reputation/v1/badge/shop/1489939",
                    "clover": "https://clover.tokopedia.com/badges/merchant/v1?shop_id=1489939"
                },
                "wholesale_price": [],
                "condition": 1,
                "department_id": 1913,
                "labels": [],
                "badges": [],
                "rating": 0,
                "count_review": 0,
                "original_price": "Rp 0"
            },
            {
                "id": 181161583,
                "name": "Top Replika Addidas Putih Mg 03 Bergaransi",
                "url": "https://www.tokopedia.com/ariesshop99/top-replika-addidas-putih-mg-03-bergaransi?trkid=f%3DCa0000L000P0W0S0Sh00Co0Po0Fr0Cb0_src%3Dsearch_page%3D3_ob%3D23_q%3Daddidas_catid%3D1908_po%3D12",
                "image_url": "https://ecs7.tokopedia.net/img/cache/200-square/product-1/2017/5/11/17999417/17999417_d2888b95-a3e4-456d-8f40-c9aafc63aaf9_700_495.jpg",
                "image_url_700": "https://ecs7.tokopedia.net/img/cache/700/product-1/2017/5/11/17999417/17999417_d2888b95-a3e4-456d-8f40-c9aafc63aaf9_700_495.jpg",
                "price": "Rp 59.000",
                "shop": {
                    "id": 2045585,
                    "name": "Aries Shop 99",
                    "url": "https://www.tokopedia.com/ariesshop99",
                    "is_gold": false,
                    "location": "Jakarta",
                    "city": "Jakarta",
                    "reputation": "https://inbox.tokopedia.com/reputation/v1/badge/shop/2045585",
                    "clover": "https://clover.tokopedia.com/badges/merchant/v1?shop_id=2045585"
                },
                "wholesale_price": [],
                "condition": 1,
                "department_id": 1908,
                "labels": [],
                "badges": [],
                "rating": 0,
                "count_review": 0,
                "original_price": "Rp 0"
            },
            {
                "id": 150086717,
                "name": "addidas Polkie kaos",
                "url": "https://www.tokopedia.com/almira-lathif/addidas-polkie-kaos?trkid=f%3DCa0000L000P0W0S0Sh00Co0Po0Fr0Cb0_src%3Dsearch_page%3D3_ob%3D23_q%3Daddidas_catid%3D1769_po%3D13",
                "image_url": "https://ecs7.tokopedia.net/img/cache/200-square/product-1/2017/2/28/1264877/1264877_6ff6d4a8-8822-44fb-a224-6906e5c99aa9.jpg",
                "image_url_700": "https://ecs7.tokopedia.net/img/cache/700/product-1/2017/2/28/1264877/1264877_6ff6d4a8-8822-44fb-a224-6906e5c99aa9.jpg",
                "price": "Rp 46.000",
                "shop": {
                    "id": 1264877,
                    "name": "Almira-Lathif",
                    "url": "https://www.tokopedia.com/almira-lathif",
                    "is_gold": false,
                    "location": "Kota Depok",
                    "city": "Kota Depok",
                    "reputation": "https://inbox.tokopedia.com/reputation/v1/badge/shop/1264877",
                    "clover": "https://clover.tokopedia.com/badges/merchant/v1?shop_id=1264877"
                },
                "wholesale_price": [],
                "condition": 1,
                "department_id": 1769,
                "labels": [],
                "badges": [],
                "rating": 0,
                "count_review": 0,
                "original_price": "Rp 0"
            },
            {
                "id": 183684347,
                "name": "SET HYUNA ADDIDAS 1",
                "url": "https://www.tokopedia.com/liakialiakia/set-hyuna-addidas-1?trkid=f%3DCa0000L000P0W0S0Sh00Co0Po0Fr0Cb0_src%3Dsearch_page%3D3_ob%3D23_q%3Daddidas_catid%3D1889_po%3D14",
                "image_url": "https://ecs7.tokopedia.net/img/cache/200-square/product-1/2017/5/21/15947385/15947385_06380da9-fd87-4f94-beed-13e0c41d1134_480_480.jpg",
                "image_url_700": "https://ecs7.tokopedia.net/img/cache/700/product-1/2017/5/21/15947385/15947385_06380da9-fd87-4f94-beed-13e0c41d1134_480_480.jpg",
                "price": "Rp 84.000",
                "shop": {
                    "id": 1809409,
                    "name": "liakia",
                    "url": "https://www.tokopedia.com/liakialiakia",
                    "is_gold": false,
                    "location": "Jakarta",
                    "city": "Jakarta",
                    "reputation": "https://inbox.tokopedia.com/reputation/v1/badge/shop/1809409",
                    "clover": "https://clover.tokopedia.com/badges/merchant/v1?shop_id=1809409"
                },
                "wholesale_price": [],
                "condition": 1,
                "department_id": 1889,
                "labels": [],
                "badges": [],
                "rating": 0,
                "count_review": 0,
                "original_price": "Rp 0"
            },
            {
                "id": 161219316,
                "name": "ADDIDAS YEZY",
                "url": "https://www.tokopedia.com/loopssneakers/addidas-yezy?trkid=f%3DCa0000L000P0W0S0Sh00Co0Po0Fr0Cb0_src%3Dsearch_page%3D3_ob%3D23_q%3Daddidas_catid%3D1845_po%3D15",
                "image_url": "https://ecs7.tokopedia.net/img/cache/200-square/product-1/2017/3/18/1908809/1908809_90714409-729f-42a8-9f61-63dbd7bfd39a",
                "image_url_700": "https://ecs7.tokopedia.net/img/cache/700/product-1/2017/3/18/1908809/1908809_90714409-729f-42a8-9f61-63dbd7bfd39a",
                "price": "Rp 180.000",
                "shop": {
                    "id": 1908809,
                    "name": "loopsSneakers",
                    "url": "https://www.tokopedia.com/loopssneakers",
                    "is_gold": false,
                    "location": "Kota Bogor",
                    "city": "Kota Bogor",
                    "reputation": "https://inbox.tokopedia.com/reputation/v1/badge/shop/1908809",
                    "clover": "https://clover.tokopedia.com/badges/merchant/v1?shop_id=1908809"
                },
                "wholesale_price": [],
                "condition": 1,
                "department_id": 1845,
                "labels": [],
                "badges": [],
                "rating": 0,
                "count_review": 0,
                "original_price": "Rp 0"
            },
            {
                "id": 159371345,
                "name": "ADDIDAS PORSCHE DESIGN",
                "url": "https://www.tokopedia.com/loopssneakers/addidas-porsche-design?trkid=f%3DCa0000L000P0W0S0Sh00Co0Po0Fr0Cb0_src%3Dsearch_page%3D3_ob%3D23_q%3Daddidas_catid%3D1845_po%3D16",
                "image_url": "https://ecs7.tokopedia.net/img/cache/200-square/product-1/2017/3/15/1908809/1908809_2182a863-f805-4a50-9979-0aecce54cf1b",
                "image_url_700": "https://ecs7.tokopedia.net/img/cache/700/product-1/2017/3/15/1908809/1908809_2182a863-f805-4a50-9979-0aecce54cf1b",
                "price": "Rp 225.000",
                "shop": {
                    "id": 1908809,
                    "name": "loopsSneakers",
                    "url": "https://www.tokopedia.com/loopssneakers",
                    "is_gold": false,
                    "location": "Kota Bogor",
                    "city": "Kota Bogor",
                    "reputation": "https://inbox.tokopedia.com/reputation/v1/badge/shop/1908809",
                    "clover": "https://clover.tokopedia.com/badges/merchant/v1?shop_id=1908809"
                },
                "wholesale_price": [],
                "condition": 1,
                "department_id": 1845,
                "labels": [],
                "badges": [],
                "rating": 0,
                "count_review": 0,
                "original_price": "Rp 0"
            },
            {
                "id": 161405880,
                "name": "Replika Addidas Putih MG 03",
                "url": "https://www.tokopedia.com/sajudalli/replika-addidas-putih-mg-03?trkid=f%3DCa0000L000P0W0S0Sh00Co0Po0Fr0Cb0_src%3Dsearch_page%3D3_ob%3D23_q%3Daddidas_catid%3D1915_po%3D17",
                "image_url": "https://ecs7.tokopedia.net/img/cache/200-square/product-1/2017/3/18/16491800/16491800_ae301f7a-57e5-4821-8b6c-9ec7a9730882_1017_720.png",
                "image_url_700": "https://ecs7.tokopedia.net/img/cache/700/product-1/2017/3/18/16491800/16491800_ae301f7a-57e5-4821-8b6c-9ec7a9730882_1017_720.png",
                "price": "Rp 57.000",
                "shop": {
                    "id": 1868052,
                    "name": "sajudalli",
                    "url": "https://www.tokopedia.com/sajudalli",
                    "is_gold": false,
                    "location": "Jakarta",
                    "city": "Jakarta",
                    "reputation": "https://inbox.tokopedia.com/reputation/v1/badge/shop/1868052",
                    "clover": "https://clover.tokopedia.com/badges/merchant/v1?shop_id=1868052"
                },
                "wholesale_price": [],
                "condition": 1,
                "department_id": 1915,
                "labels": [],
                "badges": [],
                "rating": 0,
                "count_review": 0,
                "original_price": "Rp 0"
            },
            {
                "id": 40457767,
                "name": "Hoodie Addidas",
                "url": "https://www.tokopedia.com/legastore/hoodie-addidas?trkid=f%3DCa0000L000P0W0S0Sh00Co0Po0Fr0Cb0_src%3Dsearch_page%3D3_ob%3D23_q%3Daddidas_catid%3D1831_po%3D18",
                "image_url": "https://ecs7.tokopedia.net/img/cache/200-square/product-1/2016/4/18/954650/954650_15289145-d2ea-4121-a8a4-636b624d6c68.jpg",
                "image_url_700": "https://ecs7.tokopedia.net/img/cache/700/product-1/2016/4/18/954650/954650_15289145-d2ea-4121-a8a4-636b624d6c68.jpg",
                "price": "Rp 135.000",
                "shop": {
                    "id": 954650,
                    "name": "LEGA STORE",
                    "url": "https://www.tokopedia.com/legastore",
                    "is_gold": false,
                    "location": "Jakarta",
                    "city": "Jakarta",
                    "reputation": "https://inbox.tokopedia.com/reputation/v1/badge/shop/954650",
                    "clover": "https://clover.tokopedia.com/badges/merchant/v1?shop_id=954650"
                },
                "wholesale_price": [],
                "condition": 1,
                "department_id": 1831,
                "labels": [],
                "badges": [],
                "rating": 0,
                "count_review": 0,
                "original_price": "Rp 0"
            },
            {
                "id": 40605028,
                "name": "PREWALKER ADDIDAS FULL COLLOUR",
                "url": "https://www.tokopedia.com/houseoflovely/prewalker-addidas-full-collour?trkid=f%3DCa0000L000P0W0S0Sh00Co0Po0Fr0Cb0_src%3Dsearch_page%3D3_ob%3D23_q%3Daddidas_catid%3D381_po%3D19",
                "image_url": "https://ecs7.tokopedia.net/img/cache/200-square/product-1/2016/4/19/913721/913721_368b2064-4e8a-454a-9a0e-b90d06bad63a.jpg",
                "image_url_700": "https://ecs7.tokopedia.net/img/cache/700/product-1/2016/4/19/913721/913721_368b2064-4e8a-454a-9a0e-b90d06bad63a.jpg",
                "price": "Rp 70.000",
                "shop": {
                    "id": 913721,
                    "name": "House of lovely baby",
                    "url": "https://www.tokopedia.com/houseoflovely",
                    "is_gold": false,
                    "location": "Jakarta",
                    "city": "Jakarta",
                    "reputation": "https://inbox.tokopedia.com/reputation/v1/badge/shop/913721",
                    "clover": "https://clover.tokopedia.com/badges/merchant/v1?shop_id=913721"
                },
                "wholesale_price": [],
                "condition": 1,
                "department_id": 381,
                "labels": [],
                "badges": [],
                "rating": 0,
                "count_review": 0,
                "original_price": "Rp 0"
            },
            {
                "id": 36005144,
                "name": "jaket couple addidas",
                "url": "https://www.tokopedia.com/pernakbuy/jaket-couple-addidas?trkid=f%3DCa0000L000P0W0S0Sh00Co0Po0Fr0Cb0_src%3Dsearch_page%3D3_ob%3D23_q%3Daddidas_catid%3D1966_po%3D20",
                "image_url": "https://ecs7.tokopedia.net/img/cache/200-square/product-1/2016/3/12/221393/221393_fa610e10-6672-4122-ab16-4fe7c2566895.jpg",
                "image_url_700": "https://ecs7.tokopedia.net/img/cache/700/product-1/2016/3/12/221393/221393_fa610e10-6672-4122-ab16-4fe7c2566895.jpg",
                "price": "Rp 115.000",
                "shop": {
                    "id": 221393,
                    "name": "pernakbuy shop",
                    "url": "https://www.tokopedia.com/pernakbuy",
                    "is_gold": false,
                    "location": "Jakarta",
                    "city": "Jakarta",
                    "reputation": "https://inbox.tokopedia.com/reputation/v1/badge/shop/221393",
                    "clover": "https://clover.tokopedia.com/badges/merchant/v1?shop_id=221393"
                },
                "wholesale_price": [],
                "condition": 1,
                "department_id": 1966,
                "labels": [],
                "badges": [],
                "rating": 0,
                "count_review": 0,
                "original_price": "Rp 0"
            },
            {
                "id": 53741507,
                "name": "REPLIKA ADDIDAS MG 03 PUTIH",
                "url": "https://www.tokopedia.com/sepatuananda/replika-addidas-mg-03-putih?trkid=f%3DCa0000L000P0W0S0Sh00Co0Po0Fr0Cb0_src%3Dsearch_page%3D3_ob%3D23_q%3Daddidas_catid%3D1913_po%3D21",
                "image_url": "https://ecs7.tokopedia.net/img/cache/200-square/product-1/2016/7/29/11065053/11065053_b895c3b9-6897-45fa-bd2f-931f2962809d.jpg",
                "image_url_700": "https://ecs7.tokopedia.net/img/cache/700/product-1/2016/7/29/11065053/11065053_b895c3b9-6897-45fa-bd2f-931f2962809d.jpg",
                "price": "Rp 56.000",
                "shop": {
                    "id": 1313537,
                    "name": "NOVA SHOES",
                    "url": "https://www.tokopedia.com/sepatuananda",
                    "is_gold": false,
                    "location": "Jakarta",
                    "city": "Jakarta",
                    "reputation": "https://inbox.tokopedia.com/reputation/v1/badge/shop/1313537",
                    "clover": "https://clover.tokopedia.com/badges/merchant/v1?shop_id=1313537"
                },
                "wholesale_price": [],
                "condition": 1,
                "department_id": 1913,
                "labels": [],
                "badges": [],
                "rating": 0,
                "count_review": 0,
                "original_price": "Rp 0"
            },
            {
                "id": 21521476,
                "name": "sepatu addidas itali abu",
                "url": "https://www.tokopedia.com/roemahsepatu/sepatu-addidas-itali-abu?trkid=f%3DCa0000L000P0W0S0Sh00Co0Po0Fr0Cb0_src%3Dsearch_page%3D3_ob%3D23_q%3Daddidas_catid%3D1908_po%3D22",
                "image_url": "https://ecs7.tokopedia.net/img/cache/200-square/product-1/2015/10/16/3701224/3701224_45979244-5360-4430-8961-9d917a687eed.jpg",
                "image_url_700": "https://ecs7.tokopedia.net/img/cache/700/product-1/2015/10/16/3701224/3701224_45979244-5360-4430-8961-9d917a687eed.jpg",
                "price": "Rp 200.000",
                "shop": {
                    "id": 466977,
                    "name": "roemah sepatu",
                    "url": "https://www.tokopedia.com/roemahsepatu",
                    "is_gold": false,
                    "location": "Kota Bandung",
                    "city": "Kota Bandung",
                    "reputation": "https://inbox.tokopedia.com/reputation/v1/badge/shop/466977",
                    "clover": "https://clover.tokopedia.com/badges/merchant/v1?shop_id=466977"
                },
                "wholesale_price": [],
                "condition": 1,
                "department_id": 1908,
                "labels": [],
                "badges": [],
                "rating": 0,
                "count_review": 0,
                "original_price": "Rp 0"
            },
            {
                "id": 169765214,
                "name": "Addidas Sepatu Anak (pink uk 25,orange 22 ,hijau 23)",
                "url": "https://www.tokopedia.com/indokaryacctv/addidas-sepatu-anak-pink-uk-25orange-22-hijau-23?trkid=f%3DCa0000L000P0W0S0Sh00Co0Po0Fr0Cb0_src%3Dsearch_page%3D3_ob%3D23_q%3Daddidas_catid%3D1996_po%3D23",
                "image_url": "https://ecs7.tokopedia.net/img/cache/200-square/product-1/2017/4/5/3209437/3209437_5abaf3b4-3bb7-4d64-8933-f7ab3f9b8ce1_581_578",
                "image_url_700": "https://ecs7.tokopedia.net/img/cache/700/product-1/2017/4/5/3209437/3209437_5abaf3b4-3bb7-4d64-8933-f7ab3f9b8ce1_581_578",
                "price": "Rp 165.000",
                "shop": {
                    "id": 1966826,
                    "name": "INDO KARYA",
                    "url": "https://www.tokopedia.com/indokaryacctv",
                    "is_gold": false,
                    "location": "Jakarta",
                    "city": "Jakarta",
                    "reputation": "https://inbox.tokopedia.com/reputation/v1/badge/shop/1966826",
                    "clover": "https://clover.tokopedia.com/badges/merchant/v1?shop_id=1966826"
                },
                "wholesale_price": [],
                "condition": 1,
                "department_id": 1996,
                "labels": [],
                "badges": [],
                "rating": 0,
                "count_review": 0,
                "original_price": "Rp 0"
            },
            {
                "id": 170153975,
                "name": "Addidas marathon uk 41",
                "url": "https://www.tokopedia.com/indokaryacctv/addidas-marathon-uk-41?trkid=f%3DCa0000L000P0W0S0Sh00Co0Po0Fr0Cb0_src%3Dsearch_page%3D3_ob%3D23_q%3Daddidas_catid%3D1845_po%3D24",
                "image_url": "https://ecs7.tokopedia.net/img/cache/200-square/product-1/2017/4/6/3209437/3209437_103b9bdd-d5ee-472f-873e-beec02397f09_1280_720.jpeg",
                "image_url_700": "https://ecs7.tokopedia.net/img/cache/700/product-1/2017/4/6/3209437/3209437_103b9bdd-d5ee-472f-873e-beec02397f09_1280_720.jpeg",
                "price": "Rp 420.000",
                "shop": {
                    "id": 1966826,
                    "name": "INDO KARYA",
                    "url": "https://www.tokopedia.com/indokaryacctv",
                    "is_gold": false,
                    "location": "Jakarta",
                    "city": "Jakarta",
                    "reputation": "https://inbox.tokopedia.com/reputation/v1/badge/shop/1966826",
                    "clover": "https://clover.tokopedia.com/badges/merchant/v1?shop_id=1966826"
                },
                "wholesale_price": [],
                "condition": 1,
                "department_id": 1845,
                "labels": [],
                "badges": [],
                "rating": 0,
                "count_review": 0,
                "original_price": "Rp 0"
            },
            {
                "id": 170152405,
                "name": "Addidas White Uk 40",
                "url": "https://www.tokopedia.com/indokaryacctv/addidas-white-uk-40?trkid=f%3DCa0000L000P0W0S0Sh00Co0Po0Fr0Cb0_src%3Dsearch_page%3D3_ob%3D23_q%3Daddidas_catid%3D1845_po%3D25",
                "image_url": "https://ecs7.tokopedia.net/img/cache/200-square/product-1/2017/4/6/3209437/3209437_482c719d-c0a4-4e64-b0b9-158872fabbb2_1280_720.jpeg",
                "image_url_700": "https://ecs7.tokopedia.net/img/cache/700/product-1/2017/4/6/3209437/3209437_482c719d-c0a4-4e64-b0b9-158872fabbb2_1280_720.jpeg",
                "price": "Rp 220.000",
                "shop": {
                    "id": 1966826,
                    "name": "INDO KARYA",
                    "url": "https://www.tokopedia.com/indokaryacctv",
                    "is_gold": false,
                    "location": "Jakarta",
                    "city": "Jakarta",
                    "reputation": "https://inbox.tokopedia.com/reputation/v1/badge/shop/1966826",
                    "clover": "https://clover.tokopedia.com/badges/merchant/v1?shop_id=1966826"
                },
                "wholesale_price": [],
                "condition": 1,
                "department_id": 1845,
                "labels": [],
                "badges": [],
                "rating": 0,
                "count_review": 0,
                "original_price": "Rp 0"
            }
        ]
    }
}